{"cameraMode":{"drawMode":0,"name":"Shaded","section":"Shading Mode"},"sceneLighting":true,"audioPlay":false,"sceneViewState":{"m_AlwaysRefresh":false,"showFog":true,"showSkybox":true,"showFlares":true,"showImageEffects":true,"showParticleSystems":true,"showVisualEffectGraphs":true,"m_FxEnabled":true},"in2DMode":false,"pivot":{"x":1.0744915008544922,"y":10.761985778808594,"z":-3.6808395385742189},"rotation":{"x":0.010943304747343064,"y":0.9512102007865906,"z":0.03396344929933548,"w":-0.30648159980773928},"size":10.449999809265137,"orthographic":false}