{"cameraMode":{"drawMode":0,"name":"Shaded","section":"Shading Mode"},"sceneLighting":true,"audioPlay":false,"sceneViewState":{"showFog":true,"showMaterialUpdate":false,"showSkybox":true,"showFlares":true,"showImageEffects":true,"showParticleSystems":true},"in2DMode":false,"pivot":{"x":3.259999990463257,"y":3.4600000381469728,"z":19.75},"rotation":{"x":0.03785673901438713,"y":-0.8714081048965454,"z":0.06810736656188965,"w":0.4843403995037079},"size":267.4193115234375,"orthographic":true}