{"cameraMode":{"drawMode":0,"name":"Shaded","section":"Shading Mode"},"sceneLighting":true,"audioPlay":false,"sceneViewState":{"showFog":true,"showMaterialUpdate":false,"showSkybox":true,"showFlares":true,"showImageEffects":true,"showParticleSystems":true},"in2DMode":false,"pivot":{"x":3.259999990463257,"y":3.4600000381469728,"z":19.75},"rotation":{"x":0.14453096687793733,"y":-0.07857760041952133,"z":0.01151832565665245,"w":0.9863190054893494},"size":15.377365112304688,"orthographic":true}