{"cameraMode":{"drawMode":0,"name":"Shaded","section":"Shading Mode"},"sceneLighting":true,"audioPlay":false,"sceneViewState":{"showFog":true,"showMaterialUpdate":false,"showSkybox":true,"showFlares":true,"showImageEffects":true,"showParticleSystems":true},"in2DMode":false,"pivot":{"x":3.259999990463257,"y":3.4600000381469728,"z":19.75},"rotation":{"x":0.2541506588459015,"y":0.16726022958755494,"z":-0.044674020260572436,"w":0.9515451192855835},"size":3.5355336666107179,"orthographic":true}