{"cameraMode":{"drawMode":0,"name":"Shaded","section":"Shading Mode"},"sceneLighting":true,"audioPlay":false,"sceneViewState":{"showFog":true,"showMaterialUpdate":false,"showSkybox":true,"showFlares":true,"showImageEffects":true,"showParticleSystems":true},"in2DMode":false,"pivot":{"x":23.712890625,"y":8.3662109375,"z":0.591796875},"rotation":{"x":-0.035230621695518497,"y":0.20482058823108674,"z":-0.007372799329459667,"w":-0.9781754016876221},"size":12.647489547729493,"orthographic":true}