{"cameraMode":{"drawMode":0,"name":"Shaded","section":"Shading Mode"},"sceneLighting":true,"audioPlay":false,"sceneViewState":{"showFog":true,"showMaterialUpdate":false,"showSkybox":true,"showFlares":true,"showImageEffects":true,"showParticleSystems":true},"in2DMode":false,"pivot":{"x":53.3515625,"y":72.564697265625,"z":-22.84375},"rotation":{"x":-0.00019940601487178355,"y":-0.9911440014839172,"z":-0.001486726920120418,"w":0.13282038271427155},"size":93.43472290039063,"orthographic":true}